{"cameraMode":{"drawMode":0,"name":"Shaded","section":"Shading Mode"},"sceneLighting":true,"audioPlay":false,"sceneViewState":{"showFog":true,"showMaterialUpdate":false,"showSkybox":true,"showFlares":true,"showImageEffects":true,"showParticleSystems":true},"in2DMode":false,"pivot":{"x":0.8042141199111939,"y":2.1652698516845705,"z":-13.344874382019043},"rotation":{"x":0.5300894975662231,"y":-0.04269501194357872,"z":0.026737792417407037,"w":0.8464465141296387},"size":61.196529388427737,"orthographic":false}