{"cameraMode":{"drawMode":0,"name":"Shaded","section":"Shading Mode"},"sceneLighting":true,"audioPlay":false,"sceneViewState":{"showFog":true,"showMaterialUpdate":false,"showSkybox":true,"showFlares":true,"showImageEffects":true,"showParticleSystems":true},"in2DMode":false,"pivot":{"x":33.36485290527344,"y":-11.625652313232422,"z":-0.2171154022216797},"rotation":{"x":0.5300894975662231,"y":-0.04269501194357872,"z":0.026737792417407037,"w":0.8464465141296387},"size":43.89079284667969,"orthographic":false}