{"cameraMode":{"drawMode":0,"name":"Shaded","section":"Shading Mode"},"sceneLighting":true,"audioPlay":false,"sceneViewState":{"showFog":true,"showMaterialUpdate":false,"showSkybox":true,"showFlares":true,"showImageEffects":true,"showParticleSystems":true},"in2DMode":false,"pivot":{"x":15.34614372253418,"y":-9.955404281616211,"z":-0.4824848175048828},"rotation":{"x":0.3393368422985077,"y":0.36543694138526919,"z":-0.14511360228061677,"w":0.8545488715171814},"size":63.78761291503906,"orthographic":false}