{"cameraMode":{"drawMode":0,"name":"Shaded","section":"Shading Mode"},"sceneLighting":false,"audioPlay":false,"sceneViewState":{"showFog":true,"showMaterialUpdate":false,"showSkybox":false,"showFlares":true,"showImageEffects":true,"showParticleSystems":true},"in2DMode":false,"pivot":{"x":-13.477476119995118,"y":1.1539472341537476,"z":-18.25208854675293},"rotation":{"x":0.022496061399579049,"y":-0.013496237806975842,"z":0.0003037159040104598,"w":0.999656617641449},"size":7.318887233734131,"orthographic":false}