{"cameraMode":{"drawMode":0,"name":"Shaded","section":"Shading Mode"},"sceneLighting":true,"audioPlay":false,"sceneViewState":{"showFog":true,"showMaterialUpdate":false,"showSkybox":true,"showFlares":true,"showImageEffects":true,"showParticleSystems":true},"in2DMode":false,"pivot":{"x":-10.101425170898438,"y":-0.16015625,"z":-16.984375},"rotation":{"x":-0.4418637752532959,"y":-0.021345598623156549,"z":0.010525548830628395,"w":-0.8974816799163818},"size":26.51224708557129,"orthographic":true}