{"cameraMode":{"drawMode":0,"name":"Shaded","section":"Shading Mode"},"sceneLighting":true,"audioPlay":false,"sceneViewState":{"showFog":true,"showMaterialUpdate":false,"showSkybox":true,"showFlares":true,"showImageEffects":true,"showParticleSystems":true},"in2DMode":false,"pivot":{"x":-8.57875919342041,"y":0.18488769233226777,"z":-22.918811798095704},"rotation":{"x":0.5378134846687317,"y":0.011380470357835293,"z":-0.007261113729327917,"w":0.8429585695266724},"size":8.219908714294434,"orthographic":true}