{"cameraMode":{"drawMode":0,"name":"Shaded","section":"Shading Mode"},"sceneLighting":true,"audioPlay":false,"sceneViewState":{"showFog":true,"showMaterialUpdate":false,"showSkybox":true,"showFlares":true,"showImageEffects":true,"showParticleSystems":true},"in2DMode":false,"pivot":{"x":-21.686138153076173,"y":3.975153923034668,"z":-17.825876235961915},"rotation":{"x":0.3992413580417633,"y":0.006326161790639162,"z":-0.002755057765170932,"w":0.9168227314949036},"size":20.109373092651368,"orthographic":true}