{"cameraMode":{"drawMode":0,"name":"Shaded","section":"Shading Mode"},"sceneLighting":true,"audioPlay":false,"sceneViewState":{"showFog":true,"showMaterialUpdate":false,"showSkybox":true,"showFlares":true,"showImageEffects":true,"showParticleSystems":true},"in2DMode":false,"pivot":{"x":-8.57875919342041,"y":0.18488769233226777,"z":-22.918811798095704},"rotation":{"x":0.30785343050956728,"y":0.05646863579750061,"z":-0.018320584669709207,"w":0.9496136903762817},"size":17.378631591796876,"orthographic":true}