{"cameraMode":{"drawMode":0,"name":"Shaded","section":"Shading Mode"},"sceneLighting":true,"audioPlay":false,"sceneViewState":{"showFog":true,"showMaterialUpdate":false,"showSkybox":true,"showFlares":true,"showImageEffects":true,"showParticleSystems":true},"in2DMode":false,"pivot":{"x":-1.7429931163787842,"y":6.88427734375,"z":-16.157421112060548},"rotation":{"x":0.4388558566570282,"y":-0.3938713073730469,"z":0.222647026181221,"w":0.776348888874054},"size":154.83961486816407,"orthographic":true}