{"cameraMode":{"drawMode":0,"name":"Shaded","section":"Shading Mode"},"sceneLighting":false,"audioPlay":false,"sceneViewState":{"showFog":true,"showMaterialUpdate":false,"showSkybox":false,"showFlares":true,"showImageEffects":true,"showParticleSystems":true},"in2DMode":false,"pivot":{"x":-648.5285034179688,"y":328.99212646484377,"z":-310.1355895996094},"rotation":{"x":0.1942899376153946,"y":-0.35443100333213808,"z":0.07558511197566986,"w":0.9116250872612},"size":17.712749481201173,"orthographic":true}