{"cameraMode":{"drawMode":0,"name":"Shaded","section":"Shading Mode"},"sceneLighting":true,"audioPlay":false,"sceneViewState":{"showFog":true,"showMaterialUpdate":false,"showSkybox":true,"showFlares":true,"showImageEffects":true,"showParticleSystems":true},"in2DMode":false,"pivot":{"x":30.5205078125,"y":213.2265625,"z":-107.76220703125},"rotation":{"x":-0.5447544455528259,"y":0.15888167917728425,"z":-0.10630142688751221,"w":-0.8172481060028076},"size":4.584841251373291,"orthographic":true}