{"cameraMode":{"drawMode":0,"name":"Shaded","section":"Shading Mode"},"sceneLighting":true,"audioPlay":false,"sceneViewState":{"showFog":true,"showMaterialUpdate":false,"showSkybox":true,"showFlares":true,"showImageEffects":true,"showParticleSystems":true},"in2DMode":false,"pivot":{"x":-644.673095703125,"y":334.96875,"z":-312.5703125},"rotation":{"x":0.2566910684108734,"y":-0.005594585556536913,"z":0.0023772523272782566,"w":0.9668784141540527},"size":41.68812942504883,"orthographic":true}