{"cameraMode":{"drawMode":0,"name":"Shaded","section":"Shading Mode"},"sceneLighting":true,"audioPlay":false,"sceneViewState":{"showFog":true,"showMaterialUpdate":false,"showSkybox":true,"showFlares":true,"showImageEffects":true,"showParticleSystems":true},"in2DMode":false,"pivot":{"x":-1.9929685592651368,"y":5.34375,"z":-12.098681449890137},"rotation":{"x":0.32563793659210207,"y":-0.6248801946640015,"z":0.32175397872924807,"w":0.6324242353439331},"size":24.22404670715332,"orthographic":true}