{"cameraMode":{"drawMode":0,"name":"Shaded","section":"Shading Mode"},"sceneLighting":true,"audioPlay":false,"sceneViewState":{"showFog":true,"showMaterialUpdate":false,"showSkybox":true,"showFlares":true,"showImageEffects":true,"showParticleSystems":true},"in2DMode":false,"pivot":{"x":-2.200000047683716,"y":0.0,"z":-26.200000762939454},"rotation":{"x":0.26203641295433047,"y":-0.41740474104881289,"z":0.12706315517425538,"w":0.8607943654060364},"size":7.13397216796875,"orthographic":true}