{"cameraMode":{"drawMode":0,"name":"Shaded","section":"Shading Mode"},"sceneLighting":true,"audioPlay":false,"sceneViewState":{"showFog":true,"showMaterialUpdate":false,"showSkybox":true,"showFlares":true,"showImageEffects":true,"showParticleSystems":true},"in2DMode":false,"pivot":{"x":34.599998474121097,"y":19.433019638061525,"z":26.700000762939454},"rotation":{"x":0.32563793659210207,"y":-0.6248801946640015,"z":0.32175397872924807,"w":0.6324242353439331},"size":77.45503234863281,"orthographic":true}