{"cameraMode":{"drawMode":0,"name":"Shaded","section":"Shading Mode"},"sceneLighting":false,"audioPlay":false,"sceneViewState":{"showFog":true,"showMaterialUpdate":false,"showSkybox":false,"showFlares":true,"showImageEffects":true,"showParticleSystems":true},"in2DMode":false,"pivot":{"x":-14.194999694824219,"y":0.5,"z":-11.739999771118164},"rotation":{"x":0.37707579135894778,"y":0.016114387661218644,"z":-0.006561784539371729,"w":0.9260199666023254},"size":55.0642204284668,"orthographic":true}