{"cameraMode":{"drawMode":0,"name":"Shaded","section":"Shading Mode"},"sceneLighting":true,"audioPlay":false,"sceneViewState":{"showFog":true,"showMaterialUpdate":false,"showSkybox":true,"showFlares":true,"showImageEffects":true,"showParticleSystems":true},"in2DMode":false,"pivot":{"x":-3.0694668292999269,"y":0.8520215153694153,"z":9.578271865844727},"rotation":{"x":0.010706240311264992,"y":-0.9870280027389526,"z":0.07599557936191559,"w":0.1419249325990677},"size":7.517082691192627,"orthographic":false}